Common_Name,Scientific_Name,Has_photo,Has_species_account,Slug,Photo_attribution,Status1,Status2,Status3,Status4,State_list,Previous_state_list,Federal_list,IL_SGN,Pif_common_steep_decline,jv_focal_sp,iucn_red_list,road2recovery,SBC,BBS,CBC,BBA,CTAP,eBird,
American Redstart,Setophaga ruticilla,Y,Y,american_redstart,Colin Dobson,Migrant,Breeder,,,,,,,,,,,Y,Y,Y,Y,Y,Y,
American Robin,Turdus migratorius,Y,Y,american_robin,Patty Dickerson,Migrant,Breeder,Winter,,,,,,,,,,Y,Y,Y,Y,Y,Y,
Bald Eagle,Haliaeetus leucocephalus,Y,Y,bald_eagle,Loren Merrill,Migrant,Breeder,Winter,,,"Endangered 1977 - 1999, Threatened 1999-2009 (recovered)",,Y,,,,,Y,Y,Y,Y,Y,Y,
Baltimore Oriole,Icterus galbula,Y,Y,baltimore_oriole,Rob Kanter,Migrant,Breeder,,,,,,,,,,,Y,Y,Y,Y,Y,Y,
Black Tern,Chlidonias niger,Y,Y,black_tern,Colin Dobson,Migrant,Rare Breeder,,,Endangered,Endangered 1977 - 2020,,Y,,,,,Y,N,N,N,Y,Y,
Black-capped Chickadee,Poecile atricapillus,Y,Y,black_capped_chickadee,Patty Dickerson,Resident,,,,,,,,,,,,Y,Y,Y,Y,Y,Y,
Blue Grosbeak,Passerina caerulea,Y,Y,blue_grosbeak,Rob Kanter,Migrant,Breeder,,,,,,,,,,,Y,Y,N,Y,Y,Y,
Carolina Wren,Thryothorus ludovicianus,Y,Y,carolina_wren,Patty Dickerson,Resident,,,,,,,,,,,,Y,Y,Y,Y,Y,Y,
Chestnut-sided Warbler,Setophaga pensylvanica,Y,Y,chestnut_sided_warbler,Rob Kanter,Migrant,Rare Breeder,,,,,,,,,,,Y,Y,N,Y,Y,Y,
Common Nighthawk,Chordeiles minor,Y,Y,common_nighthawk,Kelsay Shaw,Migrant,,,,,,,Y,Y,,,,Y,Y,N,Y,Y,Y,
Common Yellowthroat,Geothlypis trichas,Y,Y,common_yellowthroat,Rob Kanter,Migrant,,,,,,,,,,,,Y,Y,Y,Y,Y,Y,
Cooper's Hawk,Accipiter cooperii,Y,Y,coopers_hawk,Patty Dickerson,Migrant,Breeder,Winter,,,Endangered 1977 - 1997 (recovered),,,,,,,Y,Y,Y,Y,Y,Y,
Downy Woodpecker,Dryobates pubescens,Y,Y,downy_woodpecker,Rob Kanter,Resident,,,,,,,,,,,,Y,Y,Y,Y,Y,Y,
Eastern Bluebird,Sialia sialis,Y,Y,eastern_bluebird,Jennifer Mui,Migrant,Breeder,Winter,,,,,,,,,,Y,Y,Y,Y,Y,Y,
Eastern Kingbird,Tyrannus tyrannus,Y,Y,eastern_kingbird,Rob Kanter,Migrant,Breeder,,,,,,,,,,,Y,Y,Y,Y,Y,Y,
Eastern Wood-Pewee,Contopus virens,Y,Y,eastern_wood_pewee,Rob Kanter,Migrant,Breeder,,,,,,,,,,,Y,Y,Y,Y,Y,Y,
European Starling,Sturnus vulgaris,Y,Y,european_starling,Sarah Slayton,Resident,Introduced,,,,,,,,,,,Y,Y,Y,N,Y,Y,
Green Heron,Butorides virescens,Y,Y,green_heron,Rob Kanter,Migrant,Breeder,,,,,,,,,,,Y,Y,Y,Y,Y,Y,
Hairy Woodpecker,Dryobates villosus,Y,Y,hairy_woodpecker,Rob Kanter,Resident,,,,,,,,,,,,Y,Y,Y,Y,Y,Y,
House Sparrow,Passer domesticus,Y,Y,house_sparrow,Sarah Slayton,Resident,Introduced,,,,,,,,,,,Y,Y,Y,Y,Y,Y,
Indigo Bunting,Passerina cyanea,Y,Y,indigo_bunting,Jennifer Mui,Migrant,Breeder,,,,,,,,,,,Y,Y,Y,Y,Y,Y,
Killdeer,Charadrius vociferus,Y,Y,killdeer,Patty Dickerson,Migrant,Breeder,Winter,,,,,,,,,,Y,Y,Y,Y,Y,Y,
Mourning Dove,Zenaida macroura,Y,Y,mourning_dove,Patty Dickerson,Migrant ,Breeder,Winter,,,,,,,,,,Y,Y,Y,Y,Y,Y,
Northern Bobwhite,Colinus virginianus,Y,Y,northern_bobwhite,Ryan Askren,Resident,,,,,,,Y,Y,,Near Threatened,,Y,Y,Y,Y,Y,Y,
Northern Flicker,Colaptes auratus,Y,Y,northern_flicker,Rob Kanter,Migrant ,Breeder,Winter,,,,,Y,,,,,Y,Y,Y,Y,Y,Y,
Northern Yellow Warbler,Setophaga petechia,Y,Y,yellow_warbler,Rob Kanter,Migrant,Breeder,,,,,,,,,,,Y,Y,Y,Y,Y,Y,
Osprey,Pandion haliaetus,Y,Y,osprey,Sarah Slayton,Migrant ,Breeder,,,Threatened,"Endangered 1977 -2015, Threatened 2020",,Y,,,,,Y,Y,N,Y,Y,Y,
Pileated Woodpecker,Dryocopus pileatus,Y,Y,pileated_woodpecker,Rob Kanter,Resident,,,,,,,,,,,,Y,Y,Y,Y,Y,Y,
Pine Siskin,Spinus pinus,Y,Y,pine_siskin,Rob Kanter,Migrant ,Rare Breeder,Winter,,,,,,Y,,,,Y,N,Y,Y,Y,Y,
Prothonotary Warbler,Protonotaria citrea,Y,Y,prothonotary_warbler,Rob Kanter,Migrant,Breeder,,,,,,Y,,,,,Y,Y,Y,Y,Y,Y,
Purple Martin,Progne subis,Y,Y,purple_martin,Sarah Slayton,Migrant,Breeder,,,,,,,,,,,Y,Y,N,Y,Y,Y,
Red-bellied Woodpecker,Melanerpes carolinus,Y,Y,red_bellied_woodpecker,Rob Kanter,Resident,,,,,,,,,,,,Y,Y,Y,Y,Y,Y,
Red-headed Woodpecker,Melanerpes erythrocephalus,Y,Y,red_headed_woodpecker,Rob Kanter,Migrant,Breeder,Winter,,,,,Y,,JV Focal Species,Least Concern,Moderate Urgency,Y,Y,Y,Y,Y,Y,
Red-tailed Hawk,Buteo jamaicensis,Y,Y,red_tailed_hawk,Jennifer Mui,Migrant,Breeder,Winter,,,,,,,,,,Y,Y,Y,Y,Y,Y,
Red-winged Blackbird,Agelaius phoeniceus,Y,Y,red_winged_blackbird,Sarah Slayton,Migrant,Breeder,Winter,,,,,,,,,,Y,Y,Y,Y,Y,Y,
Ring-necked Pheasant,Phasianus colchicus,Y,Y,ring_necked_pheasant,Rob Kanter,Resident,Introduced,,,,,,Y,,,,,Y,Y,Y,Y,Y,Y,
Sandhill Crane,Grus grus,Y,Y,sandhill_crane,Jennifer Mui,Migrant,Breeder,Winter,,,Endangered 1989-2009 (too common),,Y,,,,,Y,Y,Y,Y,Y,Y,
Scarlet Tanager,Piranga olivacea,Y,Y,scarlet_tanager,Tara Beveroth,Migrant,Breeder,,,,,,,,,,,Y,Y,N,Y,Y,Y,
Snowy Egret,Egretta thula,Y,Y,snowy_egret,Sarah Slayton,Migrant,Rare Breeder,,,Endangered,Endangered 1977 - 2020,,Y,,,,,Y,Y,N,Y,Y,Y,
Spotted Sandpiper,Actitis macularius,Y,Y,spotted_sandpiper,Rob Kanter,Migrant,Breeder,,,,,,,,,,,Y,Y,Y,Y,Y,Y,
Summer Tanager,Piranga rubra,Y,Y,summer_tanager,Rob Kanter,Migrant,Breeder,,,,,,,,,,,Y,Y,Y,Y,Y,Y,
Turkey Vulture,Cathartes aura,Y,Y,turkey_vulture,Jennifer Mui,Migrant,Breeder,Rare Winter,,,,,,,,,,Y,Y,Y,Y,Y,Y,
Vesper Sparrow,Pooecetes gramineus,Y,Y,vesper_sparrow,Rob Kanter,Migrant,Breeder,,,,,,,,,,,Y,Y,N,Y,Y,Y,
White-breasted Nuthatch,Sitta carolinensis,Y,Y,white_breasted_nuthatch,Rob Kanter,Resident,,,,,,,,,,,,Y,Y,Y,Y,Y,Y,
Wild Turkey,Meleagris gallopavo,Y,Y,wild_turkey,Rob Kanter,Resident,Introduced,,,,,,,,,,,Y,Y,Y,Y,Y,Y,
Wood Duck,Aix sponsa,N,Y,wood_duck,NA,Migrant,Breeder,Winter,,,,,,,,,,Y,Y,Y,Y,Y,Y,
Worm-eating Warbler,Helmitheros vermivorum,Y,Y,worm_eating_warbler,Rob Kanter,Migrant,Breeder,,,,,,,,,,,Y,Y,N,Y,Y,Y,
American Black Duck,Anas rubripes,Y,N,american_black_duck,Ryan Askren,Migrant,Rare Breeder,Winter,,,,,Y,,,,,Y,N,Y,Y,Y,Y,
American Golden-Plover,Pluvialis dominica,Y,N,american_golden_plover,Rob Kanter,Migrant,,,,,,,Y,,,,Very High Urgency,Y,N,Y,N,N,Y,
American Tree Sparrow,Spizelloides arborea,Y,N,american_tree_sparrow,Jennifer Mui,Migrant,Winter,,,,,,,,JV Focal Species,Least Concern,,Y,N,Y,N,N,Y,
Bay-breasted Warbler,Setophaga castanea,Y,N,bay_breasted_warbler,Rob Kanter,Migrant,,,,,,,Y,,,,,Y,N,Y,Y,N,Y,
Black-bellied Whistling Duck,Dendrocygna autumnalis,Y,N,black_bellied_whistling_duck,Ryan Askren,Rare Migrant,Rare Breeder,,,,,,,,,,,Y,N,Y,N,N,Y,
Common Loon,Gavia immer,Y,N,common_loon,Sarah Slayton,Migrant,,,,,,,,,,,,Y,N,Y,Y,N,Y,
Dunlin,Calidris alpina,Y,N,dunlin,Rob Kanter,Migrant,,,,,,,,,,,,Y,N,Y,N,N,Y,
Palm Warbler,Setophaga palmarum,Y,N,palm_warbler,Jennifer Mui,Migrant,,,,,,,,,,,,Y,N,Y,N,N,Y,
Pectoral Sandpiper,Calidris melanotos,Y,N,pectoral_sandpiper,Rob Kanter,Migrant,,,,,,,Y,,,,High Urgency,Y,N,Y,N,Y,Y,
Piping Plover,Charadrius melodus,Y,N,piping_plover,Rob Kanter,Migrant,Rare Breeder,,,Endangered,Endangered 1977 - 2020,Endangered,Y,,,Near Threatened,,Y,N,Y,N,N,N,
Ruddy Turnstone,Arenaria interpres,Y,N,ruddy_turnstone,Colin Dobson,Migrant,,,,,,,,,,,Very High Urgency,Y,N,Y,N,N,Y,
Swainson's Thrush,Catharus ustulatus,Y,N,swainsons_thrush,Patty Dickerson,Migrant,,,,,,,,,,,,Y,Y,Y,N,Y,Y,
White-crowned Sparrow,Zonotrichia leucophrys,Y,N,white_crowned_sparrow,Rob Kanter,Migrant,Winter,,,,,,,,,,,Y,N,Y,Y,N,Y,
White-throated Sparrow,Zonotrichia albicollis,Y,N,white_throated_sparrow,Patty Dickerson,Migrant,Rare Breeder,Winter,,,,,,,,,,Y,N,Y,Y,N,Y,
Acadian Flycatcher,Empidonax virescens,N,Y,acadian_flycatcher,,Breeder,,,,,,,Y,,,,,Y,Y,N,Y,Y,Y,
Alder Flycatcher,Empidonax alnorum,N,Y,alder_flycatcher,,Migrant,Breeder,,,,,,,,,,,Y,Y,N,Y,Y,Y,
American Barn Owl,Tyto alba,N,Y,barn_owl,,Migrant,Breeder,Winter,,,"Endangered 1977-2011, Threatened 2011- 2015 (recovered)",,Y,,,,,Y,N,Y,Y,N,Y,
American Bittern,Botaurus lentiginosus,N,Y,american_bittern,,Migrant,Breeder,,,Endangered,Endangered 1977 - 2020,,Y,,,,,Y,Y,Y,Y,Y,Y,
American Coot,Fulica americana,N,Y,american_coot,,Migrant,Breeder,Winter,,,,,,,,,,Y,Y,Y,Y,Y,Y,
American Crow,Corvus brachyrhynchos,N,Y,american_crow,,Migrant,Breeder,Winter,,,,,,,,,,Y,Y,Y,Y,Y,Y,
American Goldfinch,Spinus tristis,N,Y,american_goldfinch,,Migrant,Breeder,Winter,,,,,,,,,,Y,Y,Y,Y,Y,Y,
American Herring Gull,Larus argentatus,N,Y,herring_gull,,Migrant,Rare Breeder,Winter,,,,,,Y,,,,Y,Y,Y,Y,Y,Y,
American Kestrel,Falco sparverius,N,Y,american_kestrel,,Migrant,Breeder,Winter,,,,,,,,,,Y,Y,Y,Y,Y,Y,
American Woodcock,Scolopax minor,N,Y,american_woodcock,,Migrant,Breeder,,,,,,Y,,,,,Y,Y,Y,Y,Y,Y,
Bank Swallow,Riparia riparia,N,Y,bank_swallow,,Migrant,Breeder,,,,,,,Y,,,,Y,Y,N,Y,Y,Y,
Barn Swallow,Hirundo rustica,N,Y,barn_swallow,,Migrant,Breeder,,,,,,,,,,,Y,Y,Y,Y,Y,Y,
Barred Owl,Strix varia,N,Y,barred_owl,,Resident,,,,,,,,,,,,Y,Y,Y,Y,Y,Y,
Bell's Vireo,Vireo bellii,N,Y,bells_vireo,,Migrant,Breeder,,,,,,Y,,,,,Y,Y,N,Y,Y,Y,
Belted Kingfisher,Megaceryle alcyon,N,Y,belted_kingfisher,,Migrant,Breeder,Winter,,,,,,,,,,Y,Y,Y,Y,Y,Y,
Bewick's Wren,Thryomanes bewickii,N,Y,bewicks_wren,,Rare Migrant,Rare Breeder,,,Endangered,"Threatened 1977 - 1984, Endangered 1984 - 2020",,Y,,,,,Y,Y,Y,Y,N,N,
Black Vulture,Coragyps atratus,N,Y,black_vulture,,Migrant,Breeder ,Rare Winter,,,,,,,,,,Y,Y,Y,N,Y,Y,
Black-and-white Warbler,Mniotilta varia,N,Y,black_and_white_warbler,,Migrant,Breeder,,,,,,,,,,,Y,Y,Y,Y,Y,Y,
Black-billed Cuckoo,Coccyzus erythropthalmus,N,Y,black_billed_cuckoo,,Migrant,Breeder,,,Threatened,Threatened 2009-2020,,Y,,,,Moderate Urgency,Y,Y,N,Y,Y,Y,
Black-crowned Night Heron,Nycticorax nycticorax,N,Y,black_crowned_night_heron,,Migrant,Breeder,,,Endangered,Endangered 1977 - 2020,,Y,,,,,Y,Y,Y,Y,Y,Y,
Black-throated Green Warbler,Setophaga virens,N,Y,black_throated_green_warbler,,Migrant,Rare Breeder,,,,,,,,,,,Y,N,N,Y,Y,Y,
Blue Jay,Cyanocitta cristata,N,Y,blue_jay,,Migrant,Breeder,Winter,,,,,,,,,,Y,Y,Y,Y,Y,Y,
Blue-gray Gnatcatcher,Polioptila caerulea ,N,Y,blue_gray_gnatcatcher,,Migrant,Breeder,,,,,,,,,,,Y,Y,Y,Y,Y,Y,
Blue-winged Teal,Spatula discors,N,Y,blue_winged_teal,,Migrant,Breeder,,,,,,,,,,,Y,Y,Y,Y,N,Y,
Blue-winged Warbler,Vermivora cyanoptera,N,Y,blue_winged_warbler,,Migrant,Breeder,,,,,,Y,,,,,Y,Y,N,Y,Y,Y,
Bobolink,Dolichonyx oryzivorus,N,Y,bobolink,,Migrant,Breeder,,,,,,Y,,JV Focal Species,Least Concern,High Urgency,Y,Y,N,Y,Y,Y,
Brewer's Blackbird,Euphagus cyanocephalus,N,Y,brewers_blackbird,,Migrant,Rare Breeder,Winter,,,Threatened 1977 - 1994 (peripheral),,,,,Near Threatened,,Y,N,Y,Y,N,N,
Broad-winged Hawk,Buteo platypterus,N,Y,broad_winged_hawk,,Migrant,Breeder,,,,,,Y,,,,,Y,Y,Y,Y,N,Y,
Brown Creeper,Certhia americana,N,Y,brown_creeper,,Migrant,Rare Breeder,Winter,,,"Endangered 1977 - 1984, Threatened 1984 - 1999 (too common)",,,,,,,Y,N,Y,Y,Y,Y,
Brown Thrasher,Toxostoma rufum,N,Y,brown_thrasher,,Migrant,Breeder,Rare Winter,,,,,Y,,,,,Y,Y,Y,Y,Y,Y,
Brown-headed Cowbird,Molothrus ater,N,Y,brown_headed_cowbird,,Migrant,Breeder,Winter,,,,,,,,,,Y,Y,Y,Y,Y,Y,
Canada Goose,Branta canadensis,N,Y,canada_goose,,Migrant,Breeder,Winter,,,,,,,,,,Y,Y,Y,Y,Y,Y,
Canada Warbler,Cardellina canadensis,N,Y,canada_warbler,,Migrant,,,,,,,,,JV Focal Species,,Moderate Urgency,Y,N,N,Y,Y,Y,
Carolina Chickadee,Poecile carolinensis,N,Y,carolina_chickadee,,Resident,,,,,,,,,,,,Y,Y,Y,Y,Y,Y,
Cedar Waxwing,Bombycilla cedrorum,N,Y,cedar_waxwing,,Migrant,Breeder,Winter,,,,,,,,,,Y,Y,Y,Y,Y,Y,
Cerulean Warbler,Setophaga cerulea,N,Y,cerulean_warbler,,Migrant,Breeder,,,Threatened,Threatened (2009 - 2020),,Y,,JV Focal Species,Near Threatened,Moderate Urgency,Y,Y,N,Y,Y,Y,
Chimney Swift,Chaetura pelagica,N,Y,chimney_swift,,Migrant,Breeder,,,,,,Y,Y,JV Focal Species,Vulnerable,High Urgency,Y,Y,N,Y,Y,Y,
Chipping Sparrow,Spizella passerina,N,Y,chipping_sparrow,,Migrant,Rare Breeder,Rare Winter,,,,,,,,,,Y,Y,Y,Y,Y,Y,
Chuck-will's-widow,Antrostomus carolinensis,N,Y,chuck_will's_widow,,Migrant,Breeder,,,Threatened,Threatened 2015-2020,,Y,,,Near Threatened,,Y,Y,N,Y,N,Y,
Clay-colored Sparrow,Spizella pallida,N,Y,clay_colored_sparrow,,Migrant,Rare Breeder,,,,Endangered 1989 - 1994 (peripheral),,,,,,,Y,Y,Y,Y,N,Y,
Cliff Swallow,Petrochelidon pyrrhonota,N,Y,cliff_swallow,,Migrant,Breeder,,,,,,,,,,,Y,Y,N,Y,Y,Y,
Common Gallinule,Gallinula galeata,N,Y,common_gallinule,,Migrant,Rare Breeder,,,Endangered,"Threatened 1977 - 2004, Endangered 2004-2020",,Y,,,,,Y,N,Y,Y,Y,Y,
Common Grackle,Quiscalus quiscula,N,Y,common_grackle,,Migrant,Breeder,Winter,,,,,,Y,,Near Threatened,,Y,Y,Y,Y,Y,Y,
Common Tern,Sterna hirundo,N,Y,common_tern,,Migrant,Rare Breeder,,,Endangered,Endangered 1977 - 2020,,Y,,,,,Y,N,N,Y,Y,Y,
Dickcissel,Spiza americana,N,Y,dickcissel,,Migrant,Breeder,,,,,,Y,,,,,Y,Y,Y,Y,Y,Y,
Double-crested Cormorant,Phalacrocorax auritus,N,Y,double_crested_cormorant,,Migrant,Breeder,Winter,,,"Endangered 1977 - 1989, Threatened 1989 - 1999 (too common)",,,,,,,Y,Y,Y,Y,Y,Y,
Eastern Meadowlark,Sturnella magna,N,Y,eastern_meadowlark,,Migrant,Breeder,Rare Winter,,,,,Y,Y,JV Focal Species,Near Threatened,,Y,Y,Y,Y,Y,Y,
Eastern Phoebe,Sayornis phoebe,N,Y,eastern_phoebe,,Migrant,Breeder,Rare Winter,,,,,,,,,,Y,Y,Y,Y,Y,Y,
Eastern Screech-Owl,Megascops asio,N,Y,eastern_screech_owl,,Resident,,,,,,,,,,,,Y,Y,Y,Y,Y,Y,
Eastern Towhee,Pipilo erythrophthalmus,N,Y,eastern_towhee,,Migrant,Breeder,Rare Winter,,,,,Y,,,,,Y,Y,Y,Y,Y,Y,
Eastern Warbling Vireo,Vireo gilvus,N,Y,warbling_vireo,,Migrant,Breeder,,,,,,,,,,,Y,Y,N,Y,Y,Y,
Eastern Whip-poor-will,Antrostomus vociferus,N,Y,eastern_whip_poor_will,,Migrant,Breeder,,,,,,Y,,JV Focal Species,Near Threatened,Moderate Urgency,Y,Y,N,Y,Y,Y,
Eurasian Tree Sparrow,Passer montanus,N,Y,eurasian_tree_sparrow,,Resident,Introduced,,,,,,,,,,,Y,Y,Y,Y,Y,Y,
Field Sparrow,Spizella pusilla,N,Y,field_sparrow,,Migrant,Breeder,Winter,,,,,Y,Y,,,,Y,Y,Y,Y,Y,Y,
Fish Crow,Corvus ossifragus,N,Y,fish_crow,,Migrant,Breeder,Rare Winter,,,,,,,,,,Y,Y,Y,Y,Y,Y,
Forster's Tern,Sterna forsteri,N,Y,forsters_tern,,Migrant,Rare Breeder,,,Endangered,Endangered 1977 - 2020,,Y,,,,,Y,N,Y,Y,Y,Y,
Golden-crowned Kinglet,Regulus satrapa,N,Y,golden_crowned_kinglet,,Migrant,Rare Breeder,Winter,,,,,,,,,,Y,N,Y,Y,N,Y,
Golden-winged Warbler,Vermivora chrysoptera,N,Y,golden_winged_warbler,,Migrant,,,,,,,Y,,JV Focal Species,Near Threatened,High Urgency,Y,N,N,Y,Y,Y,
Grasshopper Sparrow,Ammodramus savannarum,N,Y,grasshopper_sparrow,,Migrant,Breeder,,,,,,Y,Y,,,,Y,Y,Y,Y,Y,Y,
Gray Catbird,Dumetella carolinensis,N,Y,gray_catbird,,Migrant,Breeder,,,,,,,,,,,Y,Y,Y,Y,Y,Y,
Gray Partridge,Perdix perdix,N,Y,gray_partridge,,Resident,Introduced,,,,,,,,,,,Y,Y,Y,Y,N,N,
Great Blue Heron,Ardea herodias,N,Y,great_blue_heron,,Migrant,Breeder,Winter,,,,,,,,,,Y,Y,Y,Y,Y,Y,
Great Crested Flycatcher,Myiarchus crinitus,N,Y,great_crested_flycatcher,,Migrant,Breeder,,,,,,,,,,,Y,Y,N,Y,Y,N,
Great Egret,Ardea alba,N,Y,great_egret,,Migrant,Breeder,,,,"Endangered 1977 - 1989, Threatened 1989 - 1999 (too common)",,,,,,,Y,Y,Y,Y,Y,Y,
Great Horned Owl,Bubo virginianus,N,Y,great_horned_owl,,Resident,,,,,,,,,,,,Y,Y,Y,Y,Y,Y,
Greater Prairie-Chicken,Tympanuchus cupido,N,Y,greater_prairie_chicken,,Resident,,,,Endangered,Endangered 1977 - 2020,,Y,,,,,Y,N,Y,Y,N,Y,
Henslow's Sparrow,Centronyx henslowii,N,Y,henslows_sparrow,,Migrant,Breeder,,,,"Endangered 1977 - 2004, Threatened 2004-2009 (recovered)",,Y,,JV Focal Species,Least Concern,Moderate Urgency,Y,Y,Y,Y,Y,Y,
Hooded Merganser,Lophodytes cucullatus,N,Y,hooded_merganser,,Migrant,Breeder,Winter,,,,,,,,,,Y,Y,Y,Y,Y,Y,
Hooded Warbler,Setophaga citrina,N,Y,hooded_warbler,,Migrant,Breeder,,,,,,,,,,,Y,Y,N,Y,Y,Y,
Horned Lark,Eremophila alpestris,N,Y,horned_lark,,Migrant,Breeder,Winter,,,,,,Y,,,,Y,Y,Y,Y,Y,Y,
House Finch,Haemorhous mexicanus,N,Y,house_finch,,Migrant,Breeder,Winter,,,,,,,,,,Y,Y,Y,Y,Y,Y,
Kentucky Warbler,Geothlypis formosa,N,Y,kentucky_warbler,,Migrant,Breeder,,,,,,Y,,,,,Y,Y,N,Y,Y,Y,
King Rail,Rallus elegans,N,Y,king_rail,,Rare Migrant,Rare Breeder,,,Endangered,"Threatened 1994-1999, Endangered 1999 - 2020",,Y,,,Near Threatened,Very High Urgency,Y,N,Y,Y,Y,N,sensitive
Lark Sparrow,Chondestes grammacus,N,Y,lark_sparrow,,Migrant,Breeder,,,,,,,,,,,Y,Y,Y,Y,Y,Y,
Least Bittern,Ixobrychus exilis,N,Y,least_bittern,,Migrant,Breeder,,,Threatened,"Endangered 1989 - 1994, Threatened 1994 - 2020",,Y,,,,,Y,Y,N,Y,Y,Y,
Least Flycatcher,Empidonax minimus,N,Y,least_flycatcher,,Migrant,Rare Breeder,,,,,,,,,,,Y,Y,Y,Y,Y,Y,
Little Blue Heron,Egretta caerulea,N,Y,little_blue_heron,,Migrant ,Rare Breeder,,,Endangered,Endangered 1977 - 2020,,Y,,,,,Y,Y,Y,Y,Y,Y,
Loggerhead Shrike,Lanius ludovicianus,N,Y,loggerhead_shrike,,Migrant ,Breeder,Rare Winter,,Endangered,"Threatened 1977 - 2004, Endangered 2004 - 2020",,Y,Y,,Near Threatened,,Y,Y,Y,Y,Y,Y,
Louisiana Waterthrush,Parkesia motacilla,N,Y,louisiana_waterthrush,,Migrant,Breeder,,,,,,,,,,,Y,Y,N,Y,Y,Y,
Mallard,Anas platyrhynchos,N,Y,mallard,,Migrant ,Breeder,Winter,,,,,,,,,,Y,Y,Y,Y,Y,Y,
Marsh Wren,Cistothorus palustris,N,Y,marsh_wren,,Migrant,Breeder,,,,,,Y,,,,,Y,Y,Y,Y,Y,Y,
Mississippi Kite,Ictinia mississippiensis,N,Y,mississippi_kite,,Migrant,Breeder,,,,"Endangered 1977-2004, Threatened 2004-2020 (too common)",,Y,,,,,Y,Y,Y,Y,Y,Y,
Monk Parakeet,Myiopsitta monachus,N,Y,monk_parakeet,,Resident,Introduced,,,,,,,,,,,Y,Y,Y,Y,N,N,
Mourning Warbler,Geothlypis philadelphia,N,Y,mourning_warbler,,Migrant,,,,,,,,,,,Moderate Urgency,Y,N,N,Y,Y,Y,
Mute Swan,Cygnus olor,N,Y,mute_swan,,Migrant ,Breeder,Winter,Introduced,,,,,,,,,Y,Y,Y,Y,Y,Y,
Northern Cardinal,Cardinalis cardinalis,N,Y,northern_cardinal,,Resident,,,,,,,,,,,,Y,Y,Y,Y,Y,Y,
Northern Harrier,Circus hudsonius,N,Y,northern_harrier,,Migrant,Rare Breeder,Winter,,Endangered,Endangered 1977 - 2020,,Y,,,,,Y,Y,Y,Y,Y,Y,
Northern House Wren,Troglodytes aedon,N,Y,house_wren,,Migrant,Breeder,Rare Winter,,,,,,,,,,Y,Y,Y,Y,Y,Y,
Northern Mockingbird,Mimus polyglottos,N,Y,northern_mockingbird,,Migrant ,Breeder,Winter,,,,,,,,,,Y,Y,Y,Y,Y,Y,
Northern Parula,Setophaga americana,N,Y,northern_parula,,Migrant ,Breeder,,,,,,,,,,,Y,Y,Y,Y,Y,Y,
Northern Pintail,Anas acuta,N,Y,northern_pintail,,Migrant,Rare Breeder,Winter,,,,,,Y,,,,Y,N,Y,Y,Y,Y,
Northern Rough-winged Swallow,Stelgidopteryx serripennis,N,Y,northern_rough_winged_swallow,,Migrant,Breeder,,,,,,,,,,,Y,Y,Y,Y,Y,Y,
Northern Saw-whet Owl,Aegolius acadicus,N,Y,northern_saw_whet_owl,,Migrant,Rare Breeder,Winter,,,,,,,,,,N,N,Y,N,N,Y,
Northern Shoveler,Spatula clypeata,N,Y,northern_shoveler,,Migrant,Rare Breeder,Winter,,,,,,,,,,Y,N,Y,Y,Y,Y,
Orchard Oriole,Icterus spurius,N,Y,orchard_oriole,,Migrant ,Breeder,,,,,,,,,,,Y,Y,N,Y,Y,Y,
Ovenbird,Seiurus aurocapilla,N,Y,ovenbird,,Migrant ,Breeder,,,,,,Y,,,,,Y,Y,Y,Y,Y,Y,
Peregrine Falcon,Falco peregrinus,N,Y,peregrine_falcon,,Migrant ,Breeder,Winter,,,"Endangered 1977 - 1999, Threatened 1999 - 2015 (recovered)",,Y,,,,,Y,N,Y,Y,Y,Y,
Pied-billed Grebe,Podilymbus podiceps,N,Y,pied_billed_grebe,,Migrant ,Breeder,Winter,,,"Endangered 1989 -1994, Threatened 1994 - 2004 (too common)",,Y,,,,,Y,Y,Y,Y,Y,Y,
Pine Warbler,Setophaga pinus,N,Y,pine_warbler,,Migrant ,Breeder,Rare Winter,,,,,,,,,,Y,Y,Y,Y,Y,Y,
Prairie Warbler,Setophaga discolor,N,Y,prairie_warbler,,Migrant,Breeder,,,,,,Y,,,,Moderate Urgency,Y,Y,N,Y,Y,Y,
Red Crossbill,Loxia curvirostra,N,Y,red_crossbill,,Migrant,Rare Breeder,Winter,,,,,,,,,,Y,N,Y,Y,N,N,
Red-breasted Nuthatch,Sitta canadensis,N,Y,red_breasted_nuthatch,,Migrant,Rare Breeder,Winter,,,,,,,,,,Y,Y,Y,Y,Y,Y,
Red-eyed Vireo,Vireo olivaceus,N,Y,red_eyed_vireo,,Migrant,Breeder,,,,,,,,,,,Y,Y,N,Y,Y,Y,
Red-shouldered Hawk,Buteo lineatus,N,Y,red_shouldered_hawk,,Migrant,Breeder,Winter,,,"Endangered 1977-1999, Threatened 1999-2004 (too common)",,,,,,,Y,Y,Y,Y,Y,Y,
Ring-billed Gull,Larus delawarensis,N,Y,ring_billed_gull,,Migrant,Breeder,Winter,,,,,,,,,,Y,Y,Y,Y,Y,Y,
Rock Pigeon,Columba livia,N,Y,rock_pigeon,,Resident,Introduced,,,,,,,,,,,Y,Y,Y,Y,Y,Y,
Rose-breasted Grosbeak,Pheucticus ludovicianus,N,Y,rose_breasted_grosbeak,,Migrant,Breeder,,,,,,,,,,,Y,Y,Y,Y,Y,Y,
Ruby-throated Hummingbird,Archilochus colubris,N,Y,ruby_throated_hummingbird,,Migrant,Breeder,,,,,,,,,,,Y,Y,N,Y,Y,Y,
Ruddy Duck,Oxyura jamaicensis,N,Y,ruddy_duck,,Migrant,Breeder,Winter,,,,,,,,,,Y,Y,Y,Y,Y,Y,
Ruffed Grouse,Bonasa umbellus,N,Y,ruffed_grouse,,Extirpated,,,,,,,,,,,,Y,N,Y,Y,Y,N,
Savannah Sparrow,Passerculus sandwichensis,N,Y,savannah_sparrow,,Migrant,Breeder,Winter,,,,,,,,,,Y,Y,Y,Y,Y,Y,
Sedge Wren,Cistothorus platensis,N,Y,sedge_wren,,Migrant,Breeder,,,,,,,,,,,Y,Y,Y,Y,Y,Y,
Sharp-shinned Hawk,Accipiter striatus,N,Y,sharp_shinned_hawk,,Migrant,Rare Breeder,,,,Endangered 1989 - 1999 (peripheral / Vagrant),,,,,,,Y,Y,Y,Y,N,Y,
Short-eared Owl,Asio flammeus,N,Y,short_eared_owl,,Migrant,Rare Breeder,Winter,,Endangered,Endangered 1977 - 2020,,Y,Y,JV Focal Species,Least Concern,,Y,N,Y,Y,Y,Y,
Song Sparrow,Melospiza melodia,N,Y,song_sparrow,,Migrant,Breeder,Winter,,,,,,,,,,Y,Y,Y,Y,Y,Y,
Sora,Porzana carolina,N,Y,sora,,Migrant,Breeder,,,,,,,,,,,Y,Y,Y,Y,Y,Y,
Swainson's Hawk,Buteo swainsoni,N,Y,swainsons_hawk,,Rare Migrant,Rare Breeder,,,Endangered,Endangered 1977 - 2020,,Y,,,,,Y,N,Y,Y,N,N,
Swainson's Warbler,Limnothlypis swainsonii,N,Y,swainsons_warbler,,Migrant,Rare Breeder,,,Endangered,"Threatened 1977 - 1984, Endangered 1984 - 2020",,Y,,,,,Y,N,N,Y,N,N,
Swamp Sparrow,Melospiza georgiana,N,Y,swamp_sparrow,,Migrant,Breeder,Winter,,,,,,,,,,Y,Y,Y,Y,Y,Y,
Tree Swallow,Tachycineta bicolor,N,Y,tree_swallow,,Migrant,Breeder,,,,,,,,,,,Y,Y,Y,Y,Y,Y,
Tufted Titmouse,Baeolophus bicolor,N,Y,tufted_titmouse,,Resident,,,,,,,,,,,,Y,Y,Y,Y,Y,Y,
Upland Sandpiper,Bartramia longicauda,N,Y,upland_sandpiper,,Migrant,Breeder,,,Endangered,Endangered 1977 - 2020,,Y,,,,,Y,Y,N,Y,Y,Y,
Veery,Catharus fuscescens,N,Y,veery,,Migrant,Breeder,,,,Threatened 1977 - 1999 (too common),,,,,,,Y,N,Y,Y,Y,Y,
Virginia Rail,Rallus limicola,N,Y,virginia_rail,,Migrant,Breeder,,,,,,,,,,,Y,Y,Y,Y,Y,Y,
Western Cattle Egret,Bubulcus ibis,N,Y,cattle_egret,,Migrant,Rare Breeder,,,,,,,,,,,Y,Y,Y,Y,Y,Y,
Western Meadowlark,Sturnella neglecta,N,Y,western_meadowlark,,Migrant,Breeder,Rare Winter,,,,,,,,,,Y,Y,Y,Y,Y,Y,
White-eyed Vireo,Vireo griseus,N,Y,white_eyed_vireo,,Migrant,Breeder,,,,,,,,,,,Y,Y,Y,Y,Y,Y,
Willow Flycatcher,Empidonax traillii,N,Y,willow_flycatcher,,Migrant,Breeder,,,,,,Y,,,,,Y,Y,N,Y,Y,Y,
Wilson's Snipe,Gallinago delicata,N,Y,wilsons_snipe,,Migrant,Breeder,,,,,,Y,,,,,Y,Y,Y,Y,Y,Y,
Wood Thrush,Hylocichla mustelina,N,Y,wood_thrush,,Migrant,Breeder,,,,,,Y,,JV Focal Species,Least Concern,Moderate Urgency,Y,Y,Y,Y,Y,Y,
Yellow-bellied Sapsucker,Sphyrapicus varius,N,Y,yellow_bellied_sapsucker,,Migrant,Rare Breeder,Winter,,,,,,,,,,Y,Y,Y,Y,Y,Y,
Yellow-billed Cuckoo,Coccyzus americanus,N,Y,yellow_billed_cuckoo,,Migrant,Breeder,,,,,,Y,Y,,,,Y,Y,N,Y,Y,Y,
Yellow-breasted Chat,Icteria virens,N,Y,yellow_breasted_chat,,Migrant,Breeder,,,,,,Y,,,,,Y,Y,Y,Y,Y,Y,
Yellow-crowned Night Heron,Nyctanassa violacea,N,Y,yellow_crowned_night_heron,,Migrant,Breeder,,,Endangered,"Threatened 1994, Endangered 1999-2020",,Y,,,,,Y,Y,N,Y,Y,Y,
Yellow-headed Blackbird,Xanthocephalus xanthocephalus,N,Y,yellow_headed_blackbird,,Migrant,Breeder,,,Endangered,Endangered (1977-2020),,Y,,,,,Y,Y,Y,Y,Y,Y,
Yellow-throated Vireo,Vireo flavifrons,N,Y,yellow_throated_vireo,,Migrant,Breeder,,,,,,,,,,,Y,Y,N,Y,Y,Y,
Yellow-throated Warbler,Setophaga dominica,N,Y,yellow_throated_warbler,,Migrant,Breeder,,,,,,,,,,,Y,Y,N,Y,Y,Y,
Allen's Hummingbird,Selasphorus sasin,N,N,allens_hummingbird,,Vagrant,,,,,,,,,,,Very High Urgency,N,N,N,N,N,N,
American Avocet,Recurvirostra americana,N,N,american_avocet,,Migrant,,,,,,,,,,,,Y,N,N,N,N,Y,
American Pipit,Anthus rubescens,N,N,american_pipit,,Migrant,Rare Winter,,,,,,,,,,,Y,N,Y,N,N,Y,
American White Pelican,Pelecanus erythrorhynchos,N,N,american_white_pelican,,Migrant,Rare Breeder,Winter,,,,,,,,,,Y,N,Y,N,Y,Y,
American Wigeon,Mareca americana,N,N,american_wigeon,,Migrant,Winter,,,,,,,,,,,Y,N,Y,Y,N,Y,
Ancient Murrelet,Synthliboramphus antiquus,N,N,ancient_murrelet,,Vagrant,,,,,,,,,,,,N,N,N,N,N,N,
Anhinga,Anhinga anhinga,N,N,anhinga,,Vagrant,Rare Breeder,,,,,,,,,,,Y,N,N,N,N,N,
Anna's Hummingbird,Calypte anna,N,N,annas_hummingbird,,Vagrant,,,,,,,,,,,,N,N,N,N,N,N,
Arctic Tern,Sterna paradisaea,N,N,arctic_tern,,Vagrant,,,,,,,,,,,,Y,N,N,N,N,N,
Ash-throated Flycatcher,Myiarchus cinerascens,N,N,ash_throated_flycatcher,,Vagrant,,,,,,,,,,,,N,N,N,N,N,N,
Bachman's Sparrow,Peucaea aestivalis,N,N,bachmans_sparrow,,Extirpated,,,,,Endangered 1977-1999 (extirpated),,,,,,High Urgency,Y,N,Y,N,N,N,
Baird's Sandpiper,Calidris bairdii,N,N,bairds_sandpiper,,Migrant,,,,,,,,,,,,Y,N,Y,N,N,N,
Band-tailed Pigeon,Patagioenas fasciata,N,N,band_tailed_pigeon,,Vagrant,,,,,,,,,,,,N,N,Y,N,N,N,
Barnacle Goose,Branta leucopsis,N,N,barnacle_goose,,Vagrant,,,,,,,,,,,,N,N,Y,N,N,N,
Barrow's Goldeneye,Bucephala islandica,N,N,barrows_goldeneye,,Vagrant,,,,,,,,,,,,N,N,Y,N,N,N,
Black Rail,Laterallus jamaicensis,N,N,black_rail,,Rare Migrant,Rare Breeder,,,Endangered,Endangered 1977 - 2020,Threatened,Y,,,Endangered,,Y,N,N,N,Y,N,sensitive?
Black Scoter,Melanitta americana,N,N,black_scoter,,Migrant,Winter,,,,,,,,,,High Urgency,Y,N,Y,N,N,N,
Black Skimmer,Rynchops niger,N,N,black_skimmer,,Vagrant,,,,,,,,,,,Moderate Urgency,N,N,N,N,N,N,
Black-backed Woodpecker,Picoides arcticus,N,N,black_backed_woodpecker,,Vagrant,,,,,,,,,,,,N,N,Y,N,N,N,
Black-bellied Plover,Pluvialis squatarola,N,N,black_bellied_plover,,Migrant,,,,,,,,,,,,Y,N,Y,N,N,Y,
Black-billed Magpie,Pica hudsonia,N,N,black_billed_magpie,,Vagrant,,,,,,,,,,,,Y,N,Y,N,N,N,
Blackburnian Warbler,Setophaga fusca,N,N,blackburnian_warbler,,Migrant,,,,,,,,,,,,Y,N,N,N,Y,Y,
Black-headed Grosbeak,Pheucticus melanocephalus,N,N,black_headed_grosbeak,,Vagrant,,,,,,,,,,,,N,N,N,N,N,N,
Black-headed Gull,Chroicocephalus ridibundus,N,N,black_headed_gull,,Vagrant,,,,,,,,,,,,N,N,N,N,N,N,
Black-legged Kittiwake,Rissa tridactyla,N,N,black_legged_kittiwake,,Rare Migrant,Rare Winter,,,,,,,,,,,Y,N,Y,N,N,N,
Black-necked Stilt,Himantopus mexicanus,N,N,black_necked_stilt,,Migrant,Breeder,,,,,,,,,,,Y,Y,N,N,N,Y,
Blackpoll Warbler,Setophaga striata,N,N,blackpoll_warbler,,Migrant,,,,,,,,Y,JV Focal Species,Near Threatened,,Y,N,N,Y,Y,Y,
Black-tailed Gull,Larus crassirostris,N,N,black_tailed_gull,,Vagrant,,,,,,,,,,,,N,N,N,N,N,N,
Black-throated Blue Warbler,Setophaga caerulescens,N,N,black_throated_blue_warbler,,Migrant,,,,,,,,,,,,Y,N,N,N,N,Y,
Black-throated Gray Warbler,Setophaga nigrescens,N,N,black_throated_gray_warbler,,Vagrant,,,,,,,,,,,,Y,N,N,N,N,N,
Black-throated Sparrow,Amphispiza bilineata,N,N,black_throated_sparrow,,Vagrant,,,,,,,,,,,,N,N,N,N,N,N,
Blue-headed Vireo,Vireo solitarius,N,N,blue_headed_vireo,,Migrant,Rare Breeder,,,,,,,,,,,Y,N,N,N,Y,Y,
Bohemian Waxwing,Bombycilla garrulus,N,N,bohemian_waxwing,,Vagrant,,,,,,,,,,,,N,N,Y,N,N,N,
Bonaparte's Gull,Chroicocephalus philadelphia,N,N,bonapartes_gull,,Migrant,,,,,,,,,,,,Y,N,Y,N,N,Y,
Boreal Chickadee,Poecile hudsonicus,N,N,boreal_chickadee,,Vagrant,,,,,,,,,,,,N,N,N,N,N,N,
Boreal Owl,Aegolius funereus,N,N,boreal_owl,,Vagrant,,,,,,,,,,,,N,N,Y,N,N,N,
Brant,Branta bernicla,N,N,brant,,Vagrant,,,,,,,,,,,,N,N,Y,N,N,N,
Brewer's Sparrow,Spizella breweri,N,N,brewers_sparrow,,Vagrant,,,,,,,,,,,,N,N,Y,N,N,N,
Broad-billed Hummingbird,Cynanthus latirostris,N,N,broad_billed_hummingbird,,Vagrant,,,,,,,,,,,,Y,N,N,N,N,N,
Brown Pelican,Pelecanus occidentalis,N,N,brown_pelican,,Vagrant,,,,,,,,,,,,Y,N,N,Y,N,N,
Brown-headed Nuthatch,Sitta pusilla,N,N,brown_headed_nuthatch,,Vagrant,,,,,,,,,,,,N,N,Y,N,N,N,
Buff-breasted Sandpiper,Calidris subruficollis,N,N,buff_breasted_sandpiper,,Migrant,,,,,,,Y,,,Near Threatened,High Urgency,Y,N,N,N,N,N,
Bufflehead,Bucephala albeola,N,N,bufflehead,,Migrant,Winter,,,,,,,,,,,Y,N,Y,Y,N,Y,
Bullock's Oriole,Icterus bullockii,N,N,bullocks_oriole,,Vagrant,,,,,,,,,,,,Y,N,N,N,N,N,
Burrowing Owl,Athene cunicularia,N,N,burrowing_owl,,Vagrant,,,,,,,,,,,,N,N,N,N,N,N,
Cackling Goose,Branta hutchinsii,N,N,cackling_goose,,Migrant,Winter,,,,,,,,,,,Y,N,Y,N,N,N,
California Gull,Larus californicus,N,N,california_gull,,Vagrant,,,,,,,,,,,,Y,N,Y,N,N,N,
California/Woodhouse's Scrub-Jay,Aphelocoma californica,N,N,california_woodhouses_scrub_jay,,Vagrant,,,,,,,,,,,,N,N,N,N,N,N,
Canvasback,Aythya valisineria,N,N,canvasback,,Migrant,Rare Breeder,Winter,,,,,Y,,,,,Y,N,Y,N,N,Y,
Cape May Warbler,Setophaga tigrina,N,N,cape_may_warbler,,Migrant,,,,,,,,,,,,Y,N,Y,N,Y,Y,
Caspian Tern,Hydroprogne caspia,N,N,caspian_tern,,Migrant,Rare Breeder,,,,,,,,,,,Y,Y,N,Y,Y,Y,
Cassin's Kingbird,Tyrannus vociferans,N,N,cassins_kingbird,,Vagrant,,,,,,,,,,,,N,N,N,N,N,N,
Cassin's Sparrow,Peucaea cassinii,N,N,cassins_sparrow,,Vagrant,,,,,,,,,,,,N,N,N,N,N,N,
Cassin's Vireo,Vireo cassinii,N,N,cassins_vireo,,Vagrant,,,,,,,,,,,,N,N,N,N,N,N,
Cave Swallow,Petrochelidon fulva,N,N,cave_swallow,,Vagrant,,,,,,,,,,,,N,N,N,N,N,N,
Chestnut-collared Longspur,Calcarius ornatus,N,N,chestnut_collared_longspur,,Vagrant,,,,,,,,,,,Very High Urgency,N,N,N,N,N,N,
Cinnamon Teal,Spatula cyanoptera,N,N,cinnamon_teal,,Migrant,,,,,,,,Y,,,,Y,N,Y,N,N,N,
Clark's Grebe,Aechmophorus clarkii,N,N,clarks_grebe,,Vagrant,,,,,,,,,,,Moderate Urgency,N,N,N,N,N,N,
Clark's Nutcracker,Nucifraga columbiana,N,N,clarks_nutcracker,,Vagrant,,,,,,,,,,,,N,N,N,N,N,N,
Common Eider,Somateria mollissima,N,N,common_eider,,Vagrant,,,,,,,,,,,,N,N,N,N,N,N,
Common Goldeneye,Bucephala clangula,N,N,common_goldeneye,,Migrant,Winter,,,,,,,,,,,Y,N,Y,N,N,Y,
Common Ground-Dove,Columbina passerina,N,N,common_ground_dove,,Vagrant,,,,,,,,,,,,N,N,Y,N,N,N,
Common Merganser,Mergus merganser,N,N,common_merganser,,Migrant,Winter,,,,,,,,,,,Y,N,Y,Y,N,Y,
Common Raven,Corvus corax,N,N,common_raven,,Vagrant,,,,,,,,,,,,N,N,Y,N,N,N,
Common Redpoll,Acanthis flammea,N,N,common_redpoll,,Migrant,Winter,,,,,,,,,,,Y,N,Y,N,N,N,
Common Ringed Plover,Charadrius hiaticula,N,N,common_ringed_plover,,Vagrant,,,,,,,,,,,,N,N,N,N,N,N,
Connecticut Warbler,Oporornis agilis,N,N,connecticut_warbler,,Migrant,,,,,,,Y,,,,,Y,N,N,N,N,N,
Curlew Sandpiper,Calidris ferruginea,N,N,curlew_sandpiper,,Vagrant,,,,,,,,,,,,N,N,N,N,N,N,
Curve-billed Thrasher,Toxostoma curvirostre,N,N,curve_billed_thrasher,,Vagrant,,,,,,,,,,,,N,N,Y,N,N,N,
Dark-eyed Junco,Junco hyemalis,N,N,dark_eyed_junco,,Migrant,Winter,,,,,,,,,,,Y,N,Y,Y,N,Y,
Dovekie,Alle alle,N,N,dovekie,,Vagrant,,,,,,,,,,,,N,N,N,N,N,N,
Eared Grebe,Podiceps nigricollis,N,N,eared_grebe,,Migrant,,,,,,,,,,,,Y,N,Y,N,N,N,
Eurasian Collared-Dove,Streptopelia decaocto,N,N,eurasian_collared_dove,,Resident,Introduced,,,,,,,,,,,Y,Y,Y,N,Y,Y,
Eurasian Wigeon,Mareca penelope,N,N,eurasian_wigeon,,Vagrant,,,,,,,,,,,,N,N,Y,N,N,N,
European Goldfinch,Carduelis carduelis,N,N,european_goldfinch,,Resident,,,,,,,,,,,,Y,Y,Y,N,N,Y,
Evening Grosbeak,Coccothraustes vespertinus,N,N,evening_grosbeak,,Rare Migrant,Rare Winter,,,,,,,,,Vulnerable,High Urgency,Y,N,Y,N,N,N,
Ferruginous Hawk,Buteo regalis,N,N,ferruginous_hawk,,Vagrant,,,,,,,,,,,,Y,N,Y,N,N,N,
Fork-tailed Flycatcher,Tyrannus savana,N,N,fork_tailed_flycatcher,,Vagrant,,,,,,,,,,,,N,N,N,N,N,N,
Fox Sparrow,Passerella iliaca,N,N,fox_sparrow,,Migrant,Winter,,,,,,,,,,,Y,N,Y,Y,N,Y,
Franklin's Gull,Leucophaeus pipixcan,N,N,franklins_gull,,Migrant,,,,,,,,Y,,,,Y,N,Y,Y,N,Y,
Fulvous Whistling-Duck,Dendrocygna bicolor,N,N,fulvous_whistling_duck,,Vagrant,Rare Breeder,,,,,,,,,,,N,N,N,N,N,N,
Gadwall,Mareca strepera,N,N,gadwall,,Migrant,Rare Breeder,Winter,,,,,,,,,,Y,Y,Y,Y,Y,Y,
Garganey,Spatula querquedula,N,N,garganey,,Vagrant,,,,,,,,,,,,N,N,N,N,N,N,
Glaucous Gull,Larus hyperboreus,N,N,glaucous_gull,,Migrant,Winter,,,,,,,,,,,Y,N,Y,N,N,N,
Glaucous-winged Gull,Larus glaucescens,N,N,glaucous_winged_gull,,Vagrant,,,,,,,,,,,,N,N,Y,N,N,N,
Glossy Ibis,Plegadis falcinellus,N,N,glossy_ibis,,Rare Migrant,,,,,,,,,,,,Y,N,N,N,N,N,
Golden Eagle,Aquila chrysaetos,N,N,golden_eagle,,Rare Migrant,Rare Winter,,,,,,,,,,,Y,N,Y,N,N,N,
Golden-crowned Sparrow,Zonotrichia atricapilla,N,N,golden_crowned_sparrow,,Vagrant,,,,,,,,,,,,N,N,Y,N,N,N,
Grace's Warbler,Setophaga graciae,N,N,grace's_warbler,,Vagrant,,,,,,,,,,,,N,N,N,N,N,N,
Gray Kingbird,Tyrannus dominicensis,N,N,gray_kingbird,,Vagrant,,,,,,,,,,,,N,N,N,N,N,N,
Gray-cheeked Thrush,Catharus minimus,N,N,gray_cheeked_thrush,,Migrant,,,,,,,,,,,,Y,N,Y,N,N,Y,
Gray-crowned Rosy-Finch,Leucosticte tephrocotis,N,N,gray_crowned_rosy_finch,,Vagrant,,,,,,,,,,,,N,N,N,N,N,N,
Great Black-backed Gull,Larus marinus,N,N,great_black_backed_gull,,Migrant,Winter,,,,,,,,,,High Urgency,N,N,Y,N,N,N,
Great Kiskadee,Pitangus sulphuratus,N,N,great_kiskadee,,Vagrant,,,,,,,,,,,,N,N,N,N,N,N,
Greater Scaup,Aythya marila,N,N,greater_scaup,,Migrant,Winter,,,,,,,Y,,,,Y,N,Y,Y,N,Y,
Greater White-fronted Goose,Anser albifrons,N,N,greater_white_fronted_goose,,Migrant,Winter,,,,,,,,,,,Y,N,Y,N,N,Y,
Greater Yellowlegs,Tringa melanoleuca,N,N,greater_yellowlegs,,Migrant,,,,,,,,,,,,Y,N,Y,N,Y,Y,
Great-tailed Grackle,Quiscalus mexicanus,N,N,great_tailed_grackle,,Vagrant,,,,,,,,,,,,Y,Y,Y,N,N,N,
Green-tailed Towhee,Pipilo chlorurus,N,N,green_tailed_towhee,,Vagrant,,,,,,,,,,,,N,N,Y,N,N,N,
Green-winged Teal,Anas crecca,N,N,green_winged_teal,,Migrant,Rare Breeder,Winter,,,,,,,,,,Y,N,Y,Y,Y,Y,
Groove-billed Ani,Crotophaga sulcirostris,N,N,groove_billed_ani,,Vagrant,,,,,,,,,,,,N,N,N,N,N,N,
Gull-billed Tern,Gelochelidon nilotica,N,N,gull_billed_tern,,Vagrant,,,,,,,,,,,,N,N,N,N,N,N,
Gyrfalcon,Falco rusticolus,N,N,gyrfalcon,,Vagrant,,,,,,,,,,,,N,N,N,N,N,N,
Harlequin Duck,Histrionicus histrionicus,N,N,harlequin_duck,,Vagrant,,,,,,,,,,,,Y,N,Y,N,N,N,
Harris's Sparrow,Zonotrichia querula,N,N,harriss_sparrow,,Migrant,Winter,,,,,,,,,,High Urgency,Y,N,Y,N,N,N,
Hepatic Tanager,Piranga flava,N,N,hepatic_tanager,,Vagrant,,,,,,,,,,,,N,N,N,N,N,N,
Hermit Thrush,Catharus guttatus,N,N,hermit_thrush,,Migrant,Winter,,,,,,,,,,,Y,N,Y,N,N,Y,
Hermit Warbler,Setophaga occidentalis,N,N,hermit_warbler,,Vagrant,,,,,,,,,,,,N,N,Y,N,N,N,
Hoary Redpoll,Acanthis hornemanni,N,N,hoary_redpoll,,Vagrant,,,,,,,,,,,,N,N,Y,N,N,N,
Horned Grebe,Podiceps auritus,N,N,horned_grebe,,Migrant,Winter,,,,,,,,,,,Y,N,Y,N,N,Y,
Hudsonian Godwit,Limosa haemastica,N,N,hudsonian_godwit,,Migrant,,,,,,,,,,,Very High Urgency,Y,N,N,N,N,N,
Iceland Gull,Larus glaucoides,N,N,iceland_gull,,Migrant,Winter,,,,,,,,,,,Y,N,Y,N,N,N,
Inca Dove,Columbina inca,N,N,inca_dove,,Vagrant,,,,,,,,,,,,N,N,N,N,N,N,
Ivory Gull,Pagophila eburnea,N,N,ivory_gull,,Vagrant,,,,,,,,,,,,N,N,Y,N,N,N,
King Eider,Somateria spectabilis,N,N,king_eider,,Vagrant,,,,,,,,,,,,N,N,Y,N,N,N,
Kirtland's Warbler,Setophaga kirtlandii,N,N,kirtlands_warbler,,Vagrant,,,,,,,,,JV Focal Species,Near Threatened,,N,N,N,N,N,N,
Lapland Longspur,Calcarius lapponicus,N,N,lapland_longspur,,Migrant,Winter,,,,,,,,,,,Y,N,N,N,N,Y,
Large-billed Tern,Phaetusa simplex,N,N,large_billed_tern,,Vagrant,,,,,,,,,,,,N,N,N,N,N,N,
Lark Bunting,Calamospiza melanocorys,N,N,lark_bunting,,Vagrant,,,,,,,,Y,,,,Y,N,N,N,N,N,
Laughing Gull,Leucophaeus atricilla,N,N,laughing_gull,,Migrant,,,,,,,,,,,,Y,N,Y,Y,N,N,
Lazuli Bunting,Passerina amoena,N,N,lazuli_bunting,,Vagrant,,,,,,,,,,,,N,N,N,N,N,N,
Least Sandpiper,Calidris minutilla,N,N,least_sandpiper,,Migrant,,,,,,,,,,,,Y,N,Y,N,Y,Y,
Least Tern,Sternula antillarum,N,N,least_tern,,Migrant,Rare Breeder,,,Endangered,Endangered 1977 - 2020,,Y,,,,Very High Urgency,Y,Y,N,Y,N,Y,
LeConte's Sparrow,Ammospiza leconteii,N,N,lecontes_sparrow,,Migrant,Rare Winter,,,,,,Y,,,,High Urgency,Y,N,Y,N,N,N,
Lesser Black-backed Gull,Larus fuscus,N,N,lesser_black_backed_gull,,Migrant,,,,,,,,,,,,Y,N,Y,N,N,Y,
Lesser Scaup,Aythya affinis,N,N,lesser_scaup,,Migrant,Rare Breeder,Winter,,,,,Y,,,,,Y,N,Y,Y,N,Y,
Lesser Yellowlegs,Tringa flavipes,N,N,lesser_yellowlegs,,Migrant,,,,,,,Y,,,,Very High Urgency,Y,N,Y,N,Y,Y,
Lewis's Woodpecker,Melanerpes lewis,N,N,lewiss_woodpecker,,Vagrant,,,,,,,,,,,,Y,N,N,N,N,N,
Limpkin,Aramus guarauna,N,N,limpkin,,Vagrant,,,,,,,,,,,,N,N,Y,N,N,N,
Lincoln's Sparrow,Melospiza lincolnii,N,N,lincolns_sparrow,,Migrant ,Rare Winter,,,,,,,,,,,Y,N,Y,N,N,Y,
Little Gull,Hydrocoloeus minutus,N,N,little_gull,,Rare Migrant,,,,,,,,,,,,Y,N,Y,Y,N,N,
Little Stint,Calidris minuta,N,N,little_stint,,Vagrant,,,,,,,,,,,,N,N,N,N,N,N,
Long-billed Curlew,Numenius americanus,N,N,long_billed_curlew,,Vagrant,,,,,,,,,,,,N,N,N,N,N,N,
Long-billed Dowitcher,Limnodromus scolopaceus,N,N,long_billed_dowitcher,,Migrant,,,,,,,,,,,Moderate Urgency,Y,N,Y,N,N,Y,
Long-eared Owl,Asio otus,N,N,long_eared_owl,,Migrant,Rare Breeder,Winter,,,Endangered 1977-1999 (peripheral / Vagrant),,,,,,,Y,N,Y,Y,N,N,sensitive
Long-tailed Duck,Clangula hyemalis,N,N,long_tailed_duck,,Migrant,Winter,,,,,,,Y,,,,Y,N,Y,N,N,Y,
Long-tailed Jaeger,Stercorarius longicaudus,N,N,long_tailed_jaeger,,Rare Migrant,,,,,,,,,,,,N,N,N,N,N,N,
MacGillivray's Warbler,Geothlypis tolmiei,N,N,macgillivrays_warbler,,Vagrant,,,,,,,,,,,,N,N,N,N,N,N,
Magnificent Frigatebird,Fregata magnificens,N,N,magnificent_frigatebird,,Vagrant,,,,,,,,,,,,N,N,N,N,N,N,
Magnolia Warbler,Setophaga magnolia,N,N,magnolia_warbler,,Migrant,,,,,,,,,,,,Y,N,Y,N,N,Y,
Marbled Godwit,Limosa fedoa,N,N,marbled_godwit,,Migrant,,,,,,,,,,,,Y,N,N,N,N,N,
Merlin,Falco columbarius,N,N,merlin,,Migrant,Rare Breeder,Winter,,,,,,,,,,Y,N,Y,Y,N,Y,
Mew Gull,Larus canus,N,N,mew_gull,,Vagrant,,,,,,,,,,,,N,N,N,N,N,N,
Mexican Violetear,Colibri thalassinus,N,N,mexican_violetear,,Vagrant,,,,,,,,,,,,N,N,N,N,N,N,
Mottled Duck,Anas fulvigula,N,N,mottled_duck,,Vagrant,,,,,,,,,,,Very High Urgency,N,N,Y,N,N,N,
Mountain Bluebird,Sialia currucoides,N,N,mountain_bluebird,,Vagrant,,,,,,,,,,,,N,N,Y,N,N,N,
Mountain Plover,Charadrius montanus,N,N,mountain_plover,,Vagrant,,,,,,,,,,,Very High Urgency,N,N,N,N,N,N,
Nashville Warbler,Leiothlypis ruficapilla,N,N,nashville_warbler,,Migrant,,,,,,,,,,,,Y,N,N,N,Y,Y,
Nelson's Sparrow,Ammospiza nelsoni,N,N,nelsons_sparrow,,Migrant,,,,,,,,,,,,Y,N,N,N,N,N,
Neotropic Cormorant,Phalacrocorax brasilianus,N,N,neotropic_cormorant,,Rare Migrant,Rare Breeder,,,,,,,,,,,Y,N,Y,N,Y,N,
Northern Gannet,Morus bassanus,N,N,northern_gannet,,Vagrant,,,,,,,,,,,,N,N,N,N,N,N,
Northern Goshawk,Accipiter gentilis,N,N,northern_goshawk,,Rare Migrant,Rare Winter,,,,,,,,,,,Y,N,Y,N,N,N,
Northern Hawk Owl,Surnia ulula,N,N,northern_hawk_owl,,Vagrant,,,,,,,,,,,,N,N,Y,N,N,N,
Northern Shrike,Lanius borealis,N,N,northern_shrike,,Migrant,Winter,,,,,,,,,,,N,N,Y,N,N,Y,
Northern Waterthrush,Parkesia noveboracensis,N,N,northern_waterthrush,,Migrant,,,,,,,,,,,,Y,N,Y,N,Y,Y,
Northern Wheatear,Oenanthe oenanthe,N,N,northern_wheatear,,Vagrant,,,,,,,,,,,,N,N,N,N,N,N,
Olive-sided Flycatcher,Contopus cooperi,N,N,olive_sided_flycatcher,,Migrant,,,,,,,,,,Near Threatened,Moderate Urgency,Y,N,N,N,Y,Y,
Orange-crowned Warbler,Leiothlypis celata,N,N,orange_crowned_warbler,,Migrant,,,,,,,,,,,,Y,N,Y,N,N,Y,
Pacific Loon,Gavia pacifica,N,N,pacific_loon,,Rare Migrant,,,,,,,,,,,,N,N,Y,N,N,N,
Pacific-slope/Cordilleran Flycatcher,Empidonax difficilis,N,N,pacific_slope_cordilleran_flycatcher,,Vagrant,,,,,,,,,,,,N,N,N,N,N,N,
Painted Bunting,Passerina ciris,N,N,painted_bunting,,Vagrant,Rare Breeder,,,,,,,,,,,Y,N,N,N,N,N,
Parasitic Jaeger,Stercorarius parasiticus,N,N,parasitic_jaeger,,Rare Migrant,,,,,,,,,,,,N,N,Y,N,N,N,
Philadelphia Vireo,Vireo philadelphicus,N,N,philadelphia_vireo,,Migrant,,,,,,,,,,,,Y,N,N,N,Y,Y,
Pine Grosbeak,Pinicola enucleator,N,N,pine_grosbeak,,Vagrant,,,,,,,,,,,,Y,N,Y,N,N,N,
Plumbeous Vireo,Vireo plumbeus,N,N,plumbeous_vireo,,Vagrant,,,,,,,,,,,,N,N,N,N,N,N,
Pomarine Jaeger,Stercorarius pomarinus,N,N,pomarine_jaeger,,Rare Migrant,,,,,,,,,,,,N,N,Y,N,N,N,
Prairie Falcon,Falco mexicanus,N,N,prairie_falcon,,Rare Migrant,Rare Winter,,,,,,,,,,,Y,N,Y,N,N,N,
Purple Finch,Haemorhous purpureus,N,N,purple_finch,,Migrant,Winter,,,,,,,,,,,Y,N,Y,Y,Y,Y,
Purple Gallinule,Porphyrio martinicus,N,N,purple_gallinule,,Vagrant,Rare Breeder,,,,Endangered 1977 - 1994 (Vagrant),,,Y,,,,Y,N,N,N,N,N,
Purple Sandpiper,Calidris maritima,N,N,purple_sandpiper,,Vagrant,,,,,,,,,,,,N,N,Y,N,N,N,
Red Knot,Calidris canutus,N,N,red_knot,,Migrant,,,,Threatened,Threatened 2015 - 2020,Threatened,Y,,,,Very High Urgency,Y,N,N,N,N,N,
Red Phalarope,Phalaropus fulicarius,N,N,red_phalarope,,Migrant,,,,,,,,,,,,N,N,Y,N,N,N,
Red-breasted Merganser,Mergus serrator,N,N,red_breasted_merganser,,Migrant,Winter,,,,,,,,,,,Y,N,Y,Y,N,Y,
Red-cockaded Woodpecker,Dryobates borealis,N,N,red_cockaded_woodpecker,,Vagrant,,,,,,,,,,,,N,N,N,N,N,N,
Reddish Egret,Egretta rufescens,N,N,reddish_egret,,Vagrant,,,,,,,,,,,,N,N,N,N,N,N,
Redhead,Aythya americana,N,N,redhead,,Migrant,Rare Breeder,Winter,,,,,,,,,,Y,N,Y,Y,N,Y,
Red-naped Sapsucker,Sphyrapicus nuchalis,N,N,red_naped_sapsucker,,Vagrant,,,,,,,,,,,,N,N,N,N,N,N,
Red-necked Grebe,Podiceps grisegena,N,N,red_necked_grebe,,Migrant,,,,,,,,,,,,Y,N,Y,N,N,N,
Red-necked Phalarope,Phalaropus lobatus,N,N,red_necked_phalarope,,Migrant,,,,,,,,,,,,Y,N,N,N,N,N,
Red-throated Loon,Gavia stellata,N,N,red_throated_loon,,Migrant,,,,,,,,,,,,Y,N,Y,N,N,N,
Ring-necked Duck,Aythya collaris,N,N,ring_necked_duck,,Migrant,Winter,,,,,,,,,,,Y,N,Y,Y,N,Y,
Rock Wren,Salpinctes obsoletus,N,N,rock_wren,,Vagrant,,,,,,,,,,,,N,N,Y,N,N,N,
Roseate Spoonbill,Platalea ajaja,N,N,roseate_spoonbill,,Vagrant,,,,,,,,,,,,N,N,N,N,N,N,
Ross's Goose,Anser rossii,N,N,rosss_goose,,Migrant,Winter,,,,,,,,,,,Y,N,Y,N,N,N,
Ross's Gull,Rhodostethia rosea,N,N,rosss_gull,,Vagrant,,,,,,,,,,,,N,N,N,N,N,N,
Rough-legged Hawk,Buteo lagopus,N,N,rough_legged_hawk,,Migrant,Winter,,,,,,,,,,,Y,N,Y,N,N,Y,
Royal Tern,Thalasseus maximus,N,N,royal_tern,,Vagrant,,,,,,,,,,,,N,N,N,N,N,N,
Ruby-crowned Kinglet,Regulus calendula,N,N,ruby_crowned_kinglet,,Migrant,Winter,,,,,,,,,,,Y,N,Y,Y,N,Y,
Ruff,Calidris pugnax,N,N,ruff,,Vagrant,,,,,,,,,,,,Y,N,N,N,N,N,
Rufous Hummingbird,Selasphorus rufus,N,N,rufous_hummingbird,,Vagrant,,,,,,,,,,,High Urgency,N,N,Y,N,N,N,
Rusty Blackbird,Euphagus carolinus,N,N,rusty_blackbird,,Migrant,Winter,,,,,,Y,Y,JV Focal Species,Vulnerable,,Y,N,Y,N,N,Y,
Sabine's Gull,Xema sabini,N,N,sabines_gull,,Rare Migrant,,,,,,,,,,,,N,N,N,N,N,N,
Sage Thrasher,Oreoscoptes montanus,N,N,sage_thrasher,,Vagrant,,,,,,,,,,,,N,N,Y,N,N,N,
Sanderling,Calidris alba,N,N,sanderling,,Migrant,,,,,,,,,,,,Y,N,Y,N,N,N,
Sandwich Tern,Thalasseus sandvicensis,N,N,sandwich_tern,,Vagrant,,,,,,,,,,,,N,N,N,N,N,N,
Say's Phoebe,Sayornis saya,N,N,says_phoebe,,Vagrant ,Rare Breeder,,,,,,,,,,,Y,N,Y,N,N,N,
Scissor-tailed Flycatcher,Tyrannus forficatus,N,N,scissor_tailed_flycatcher,,Rare Migrant,Rare Breeder,,,,,,,,,,,Y,N,Y,N,N,N,
Scott's Oriole,Icterus parisorum,N,N,scotts_oriole,,Vagrant,,,,,,,,,,,,N,N,N,N,N,N,
Semipalmated Plover,Charadrius semipalmatus,N,N,semipalmated_plover,,Migrant,,,,,,,,,,,,Y,N,N,N,N,Y,
Semipalmated Sandpiper,Calidris pusilla,N,N,semipalmated_sandpiper,,Migrant,,,,,,,,,,Near Threatened,High Urgency,Y,N,N,N,Y,Y,
Sharp-tailed Grouse,Tympanuchus phasianellus,N,N,sharp_tailed_grouse,,Extirpated,,,,,,,,,,,,N,N,N,N,N,N,
Sharp-tailed Sandpiper,Calidris acuminata,N,N,sharp_tailed_sandpiper,,Vagrant,,,,,,,,,,,,N,N,N,N,N,N,
Short-billed Dowitcher,Limnodromus griseus,N,N,short_billed_dowitcher,,Migrant,,,,,,,Y,,,,Very High Urgency,Y,N,N,N,Y,Y,
Slaty-back Gull,Larus schistisagus,N,N,slaty_back_gull,,Vagrant,,,,,,,,,,,,N,N,Y,N,N,N,
Small-billed Elaenia,Elaenia parvirostris,N,N,small_billed_elaenia,,Vagrant,,,,,,,,,,,,N,N,N,N,N,N,
Smith's Longspur,Calcarius pictus,N,N,smiths_longspur,,Migrant,,,,,,,Y,,,,,Y,N,N,N,N,N,
Snow Bunting,Plectrophenax nivalis,N,N,snow_bunting,,Migrant,Winter,,,,,,,Y,,,,N,N,Y,N,N,Y,
Snow Goose,Anser caerulescens,N,N,snow_goose,,Migrant,Winter,,,,,,,,,,,Y,N,Y,N,N,Y,
Snowy Owl,Bubo scandiacus,N,N,snowy_owl,,Migrant,Winter,,,,,,,Y,,Vulernable,Moderate Urgency,Y,N,Y,Y,N,Y,
Snowy Plover,Charadrius nivosus,N,N,snowy_plover,,Vagrant,,,,,,,,,,,,Y,N,N,N,N,Y,
Solitary Sandpiper,Tringa solitaria,N,N,solitary_sandpiper,,Migrant,,,,,,,,,,,,Y,N,N,N,Y,Y,
Sooty Tern,Onychoprion fuscatus,N,N,sooty_tern,,Vagrant,,,,,,,,,,,,N,N,N,N,N,N,
Spotted Towhee,Pipilo maculatus,N,N,spotted_towhee,,Rare Migrant,Rare Winter,,,,,,,,,,,Y,N,Y,N,N,N,
Sprague's Pipit,Anthus spragueii,N,N,spragues_pipit,,Vagrant,,,,,,,,,,,Very High Urgency,N,N,Y,N,N,N,
Stilt Sandpiper,Calidris himantopus,N,N,stilt_sandpiper,,Migrant,,,,,,,,,,,High Urgency,Y,N,N,N,N,Y,
Surf Scoter,Melanitta perspicillata,N,N,surf_scoter,,Migrant,Winter,,,,,,,,,,,Y,N,Y,N,N,Y,
Swallow-tailed Kite,Elanoides forficatus,N,N,swallow_tailed_kite,,Vagrant,,,,,,,,,,,,Y,N,N,N,N,N,
Tennessee Warbler,Leiothlypis peregrina,N,N,tennessee_warbler,,Migrant,,,,,,,,,,,,Y,N,Y,Y,Y,Y,
Townsend's Warbler,Setophaga townsendi,N,N,townsends_warbler,,Vagrant,,,,,,,,,,,,Y,N,N,N,N,N,
Towsend's Solitaire,Myadestes townsendi,N,N,towsends_solitaire,,Vagrant,,,,,,,,,,,,N,N,Y,N,N,N,
Tricolored Heron,Egretta tricolor,N,N,tricolored_heron,,Vagrant,,,,,,,,,,,,Y,N,N,Y,N,N,
Tropical Kingbird,Tyrannus melancholicus,N,N,tropical_kingbird,,Vagrant,,,,,,,,,,,,N,N,N,N,N,N,
Trumpeter Swan,Cygnus buccinator,N,N,trumpeter_swan,,Migrant,Rare Breeder,Winter,,,,,Y,,,,,Y,N,Y,N,Y,Y,
Tufted Duck,Aythya fuligula,N,N,tufted_duck,,Vagrant,,,,,,,,,,,,N,N,Y,N,N,N,
Tundra Swan,Cygnus columbianus,N,N,tundra_swan,,Migrant,Winter,,,,,,,,,,,Y,N,Y,N,N,Y,
Varied Thrush,Ixoreus naevius,N,N,varied_thrush,,Vagrant,,,,,,,,Y,,,,N,N,Y,N,N,N,
Vermilion Flycatcher,Pyrocephalus rubinus,N,N,vermilion_flycatcher,,Vagrant,,,,,,,,,,,,N,N,N,N,N,N,
Violet-green Swallow,Tachycineta thalassina,N,N,violet_green_swallow,,Vagrant,Rare Breeder,,,,,,,,,,,Y,N,N,N,N,N,
Wandering Tattler,Tringa incana,N,N,wandering_tattler,,Vagrant,,,,,,,,,,,,N,N,N,N,N,N,
Western Grebe,Aechmophorus occidentalis,N,N,western_grebe,,Rare Migrant,,,,,,,,,,,Moderate Urgency,Y,N,Y,N,N,N,
Western Kingbird,Tyrannus verticalis,N,N,western_kingbird,,Migrant,Rare Breeder,,,,,,,,,,,Y,Y,N,N,N,N,
Western Sandpiper,Calidris mauri,N,N,western_sandpiper,,Migrant,,,,,,,,,,,,Y,N,N,N,N,N,
Western Tanager,Piranga ludoviciana,N,N,western_tanager,,Vagrant,,,,,,,,,,,,Y,N,N,N,N,N,
Whimbrel,Numenius phaeopus,N,N,whimbrel,,migrant,,,,,,,,,,,Very High Urgency,N,N,N,N,N,N,
White Ibis,Eudocimus albus,N,N,white_ibis,,Vagrant,,,,,,,,,,,,N,N,N,N,N,N,
White-faced Ibis,Plegadis chihi,N,N,white_faced_ibis,,Migrant,,,,,,,,,,,,Y,N,N,N,N,Y,
White-rumped Sandpiper,Calidris fuscicollis,N,N,white_rumped_sandpiper,,Migrant,,,,,,,,,,,,Y,N,N,N,N,N,
White-tailed Kite,Elanus leucurus,N,N,white_tailed_kite,,Vagrant,,,,,,,,,,,,Y,N,N,N,N,N,
White-winged Crossbill,Loxia leucoptera,N,N,white_winged_crossbill,,Migrant,Rare Winter,,,,,,,,,,,Y,N,Y,N,N,N,
White-winged Dove,Zenaida asiatica,N,N,white_winged_dove,,Rare Migrant,Rare Breeder,,,,,,,,,,,Y,Y,Y,N,N,N,
White-winged Scoter,Melanitta deglandi,N,N,white_winged_scoter,,Migrant,Winter,,,,,,,,,,,Y,N,Y,N,N,N,
Whooping Crane,Grus americana,N,N,whooping_crane,,Migrant,,,,,,,Y,,,,,Y,N,N,N,N,N,
Willet,Tringa semipalmata,N,N,willet,,Migrant,,,,,,,,,,,,Y,N,N,N,Y,Y,
Williamson's Sapsucker,Sphyrapicus thyroideus,N,N,williamsons_sapsucker,,Vagrant,,,,,,,,,,,,N,N,N,N,N,N,
Wilson's Phalarope,Phalaropus tricolor,N,N,wilsons_phalarope,,Migrant,Rare Breeder,,,Endangered,Endangered 1977 - 2020,,Y,,,,,Y,N,N,Y,N,Y,
Wilson's Plover,Charadrius wilsonia,N,N,wilsons_plover,,Vagrant,,,,,,,,,,,,N,N,N,N,N,N,
Wilson's Warbler,Cardellina pusilla,N,N,wilsons_warbler,,Migrant,,,,,,,,Y,,,,Y,N,Y,N,Y,Y,
Winter Wren,Troglodytes hiemalis,N,N,winter_wren,,Migrant,Winter,,,,,,,,,,,Y,N,Y,N,N,Y,
Wood Stork,Mycteria americana,N,N,wood_stork,,Vagrant,,,,,,,,,,,,Y,N,N,Y,N,N,
Yellow Rail,Coturnicops noveboracensis,N,N,yellow_rail,,Rare Migrant,,,,,Endangered 1977 - 1999 (eYtirpated),,Y,,,,,Y,N,N,N,N,N,
Yellow-bellied Flycatcher,Empidonax flaviventris,N,N,yellow_bellied_flycatcher,,Migrant,,,,,,,,,,,,Y,N,N,Y,Y,Y,
Yellow-billed Loon,Gavia adamsii,N,N,yellow_billed_loon,,Vagrant,,,,,,,,,,,High Urgency,N,N,Y,N,N,N,
Yellow-rumped Warbler,Setophaga coronata,N,N,yellow_rumped_warbler,,Migrant,,,,,,,,,,,,Y,N,Y,N,N,Y,
